{
  "Total" : {
    "transaction" : "Total",
    "sampleCount" : 40010,
    "errorCount" : 40010,
    "errorPct" : 100.0,
    "meanResTime" : 0.0111472131967008,
    "minResTime" : 0.0,
    "maxResTime" : 1.0,
    "pct1ResTime" : 0.0,
    "pct2ResTime" : 0.0,
    "pct3ResTime" : 1.0,
    "throughput" : 322.06391370844403,
    "receivedKBytesPerSec" : 385.4908737825002,
    "sentKBytesPerSec" : 0.0
  },
  "HTTP Request" : {
    "transaction" : "HTTP Request",
    "sampleCount" : 40010,
    "errorCount" : 40010,
    "errorPct" : 100.0,
    "meanResTime" : 0.0111472131967008,
    "minResTime" : 0.0,
    "maxResTime" : 1.0,
    "pct1ResTime" : 0.0,
    "pct2ResTime" : 0.0,
    "pct3ResTime" : 1.0,
    "throughput" : 322.06391370844403,
    "receivedKBytesPerSec" : 385.4908737825002,
    "sentKBytesPerSec" : 0.0
  }
}